caseid,status
1,cached
4,ok_2096w
5,ok_2151w
10,ok_2096w
12,ok_3118w
16,ok_1284w
17,ok_2034w
19,ok_2755w
22,ok_1435w
25,ok_1481w
27,ok_1784w
29,ok_2137w
34,ok_2375w
41,ok_1180w
43,ok_1476w
50,ok_1596w
52,ok_1556w
53,ok_1351w
55,ok_2171w
58,ok_1470w
60,ok_1426w
61,ok_926w
64,ok_1440w
65,ok_1282w
66,ok_924w
70,ok_1412w
79,ok_2015w
83,ok_1936w
84,ok_1769w
87,ok_1120w
89,ok_1980w
94,ok_2888w
96,ok_3795w
97,ok_1544w
98,ok_721w
101,ok_1316w
105,ok_1817w
108,ok_954w
110,ok_765w
111,ok_1725w
112,ok_1071w
114,ok_1636w
116,ok_1275w
117,ok_1141w
118,ok_2980w
119,ok_1573w
124,ok_926w
125,ok_1991w
135,ok_1214w
137,ok_722w
138,ok_1164w
140,ok_2045w
142,ok_1644w
143,ok_1202w
146,ok_1644w
148,ok_1283w
156,ok_2727w
158,ok_2560w
161,ok_1801w
166,ok_1957w
175,ok_1189w
177,ok_2192w
178,ok_1327w
181,ok_1395w
184,ok_3462w
190,ok_1591w
191,ok_988w
195,ok_2066w
198,ok_1500w
202,ok_3091w
203,ok_668w
206,ok_991w
208,ok_907w
210,ok_1742w
222,ok_843w
229,ok_1772w
232,ok_1404w
233,ok_1460w
234,ok_1549w
236,ok_2092w
237,ok_2243w
239,ok_1307w
244,ok_1219w
250,ok_1192w
251,ok_2551w
252,ok_1929w
256,ok_1434w
261,ok_894w
263,ok_961w
266,ok_1786w
268,ok_584w
269,ok_1107w
279,ok_768w
283,ok_1435w
284,ok_1712w
286,ok_1299w
287,ok_952w
295,ok_1245w
300,ok_996w
303,ok_1759w
304,ok_1400w
306,ok_2059w
308,ok_1947w
309,ok_1082w
312,ok_1480w
321,ok_1393w
323,ok_1051w
327,ok_2187w
330,ok_933w
337,ok_841w
343,ok_1160w
345,ok_2154w
348,ok_1257w
349,ok_2436w
355,ok_1011w
357,ok_626w
362,ok_1874w
363,ok_1738w
367,ok_1511w
369,ok_1571w
370,ok_615w
375,ok_2305w
382,ok_1842w
383,ok_942w
384,ok_987w
387,ok_826w
388,ok_1384w
390,ok_2263w
397,ok_2418w
398,ok_1125w
404,ok_823w
406,ok_1960w
409,ok_1313w
415,ok_836w
417,ok_1892w
418,ok_1931w
427,ok_1017w
431,ok_1663w
439,ok_1021w
441,ok_1247w
442,ok_899w
445,ok_1928w
448,ok_1491w
449,ok_1027w
451,ok_1687w
452,ok_1253w
462,ok_1264w
466,ok_1364w
469,ok_1867w
472,ok_2535w
476,ok_1681w
486,ok_1941w
490,ok_2271w
492,ok_2615w
499,ok_2106w
505,ok_1364w
512,ok_1768w
516,ok_1354w
519,ok_1602w
520,ok_1771w
521,ok_1051w
526,ok_2198w
530,ok_1289w
535,ok_797w
536,ok_802w
541,ok_768w
543,ok_957w
544,ok_1064w
550,ok_991w
551,ok_1371w
553,ok_2228w
559,ok_1915w
562,ok_1009w
564,ok_1925w
567,ok_1497w
568,ok_2167w
573,ok_1119w
576,ok_929w
577,ok_1288w
582,ok_1252w
584,ok_1931w
587,ok_1236w
590,ok_695w
594,ok_608w
610,ok_1006w
611,ok_1869w
612,ok_1073w
616,ok_1034w
617,ok_1091w
620,ok_1684w
627,ok_1202w
629,ok_3006w
631,ok_1906w
644,ok_1999w
649,ok_1445w
650,ok_901w
652,ok_1773w
655,ok_1626w
659,ok_1572w
663,ok_1034w
665,ok_1977w
666,ok_1761w
671,ok_1735w
676,ok_1711w
680,ok_656w
683,ok_1384w
687,ok_965w
691,ok_1986w
697,ok_1589w
698,ok_1265w
702,ok_1821w
703,ok_1186w
706,ok_1912w
711,ok_2154w
719,ok_1813w
721,ok_1251w
722,ok_1780w
724,ok_660w
725,ok_1859w
728,ok_2018w
730,ok_1264w
733,ok_1482w
734,ok_2086w
739,ok_1041w
740,ok_913w
742,ok_1836w
743,ok_2199w
748,ok_1871w
750,ok_4646w
751,ok_1860w
752,ok_1679w
755,ok_888w
758,ok_812w
762,ok_1091w
763,ok_2376w
764,ok_1884w
767,ok_1587w
774,ok_2126w
775,ok_2409w
776,ok_1428w
779,ok_2070w
781,ok_707w
783,ok_2122w
788,ok_862w
792,ok_1082w
793,ok_1374w
794,ok_1112w
795,ok_1540w
797,ok_709w
800,ok_1302w
802,ok_1675w
807,ok_1452w
808,ok_1628w
813,ok_1458w
814,ok_2106w
815,ok_1871w
818,ok_3567w
819,ok_1278w
822,ok_2033w
830,ok_1216w
831,ok_1193w
833,ok_1428w
843,ok_2198w
844,ok_2618w
846,ok_1290w
847,ok_2064w
851,ok_1960w
852,ok_829w
853,ok_1154w
859,ok_1946w
864,ok_675w
865,ok_1359w
866,ok_1159w
869,ok_2569w
870,ok_1979w
871,ok_1553w
872,ok_1907w
876,ok_1241w
879,ok_660w
880,ok_802w
883,ok_1867w
885,ok_2040w
886,ok_2598w
887,ok_750w
890,ok_1185w
892,ok_750w
898,ok_1002w
907,ok_1402w
913,ok_731w
916,ok_1293w
917,ok_1595w
919,ok_850w
920,ok_1681w
931,ok_648w
936,ok_1610w
937,ok_1750w
939,ok_989w
944,ok_1953w
945,ok_2038w
947,ok_1761w
948,ok_1700w
954,ok_844w
957,ok_1604w
958,ok_1171w
963,ok_2276w
969,ok_1327w
971,ok_1577w
976,ok_1482w
979,ok_946w
984,ok_681w
985,ok_2261w
986,ok_1421w
988,ok_1490w
991,ok_1031w
992,ok_1992w
994,ok_656w
1001,ok_932w
1003,ok_689w
1005,ok_1524w
1006,ok_1051w
1012,ok_1143w
1013,ok_2064w
1017,ok_913w
1018,ok_2570w
1020,ok_1248w
1022,ok_1736w
1024,ok_1463w
1025,ok_2062w
1026,ok_2156w
1027,ok_1640w
1029,ok_2014w
1030,ok_1076w
1032,ok_786w
1033,ok_910w
1034,ok_724w
1037,ok_2669w
1038,ok_1095w
1039,ok_1249w
1040,ok_1063w
1043,ok_697w
1044,ok_1375w
1046,ok_1251w
1047,ok_1513w
1049,ok_989w
1050,ok_637w
1051,ok_1124w
1055,ok_658w
1056,ok_1377w
1061,ok_1552w
1063,ok_1532w
1065,ok_1172w
1069,ok_2606w
1076,ok_2074w
1078,ok_1109w
1081,ok_2490w
1083,ok_2847w
1084,ok_1689w
1086,ok_1533w
1088,ok_1391w
1090,ok_1283w
1093,ok_1091w
1095,ok_2711w
1098,ok_951w
1108,ok_1176w
1113,ok_1923w
1114,ok_1135w
1123,ok_2073w
1124,ok_3042w
1125,ok_1555w
1127,ok_818w
1132,ok_2861w
1138,ok_953w
1159,ok_860w
1160,ok_1908w
1165,ok_1807w
1166,ok_2306w
1170,ok_1087w
1176,ok_1357w
1180,ok_1199w
1181,ok_1978w
1182,ok_1365w
1185,ok_1912w
1187,ok_758w
1189,ok_1584w
1191,ok_2941w
1193,ok_1657w
1194,ok_2070w
1199,ok_949w
1200,ok_1019w
1201,ok_1019w
1204,ok_1772w
1205,ok_2165w
1208,ok_2654w
1209,ok_760w
1213,ok_1036w
1215,ok_2404w
1216,ok_3226w
1217,ok_658w
1219,ok_1609w
1224,ok_1653w
1225,ok_988w
1228,ok_1377w
1229,ok_2105w
1230,ok_2385w
1231,ok_3058w
1232,ok_754w
1236,ok_1108w
1239,ok_1693w
1244,ok_1637w
1248,ok_1126w
1249,ok_1440w
1256,ok_1096w
1261,ok_2291w
1263,ok_1240w
1267,ok_1646w
1271,ok_593w
1272,ok_972w
1275,ok_1236w
1277,ok_1811w
1283,ok_704w
1285,ok_1057w
1286,ok_2038w
1290,ok_1274w
1291,ok_1229w
1292,ok_2330w
1293,ok_1144w
1298,ok_1917w
1299,ok_1864w
1302,ok_1491w
1305,ok_1179w
1307,ok_1858w
1309,ok_3045w
1311,ok_759w
1313,ok_1562w
1315,ok_1202w
1316,ok_1057w
1320,ok_1284w
1321,ok_1750w
1323,ok_954w
1324,ok_1178w
1325,ok_2366w
1327,ok_2804w
1333,ok_1723w
1335,ok_1725w
1339,ok_703w
1340,ok_950w
1341,ok_995w
1343,ok_821w
1344,ok_2238w
1350,ok_1950w
1353,ok_1385w
1356,ok_685w
1358,ok_869w
1359,ok_1800w
1362,ok_845w
1364,ok_1298w
1365,ok_679w
1367,ok_1372w
1368,ok_1090w
1374,ok_2248w
1381,ok_1545w
1383,ok_1678w
1386,ok_1187w
1389,ok_1554w
1396,ok_1899w
1397,ok_1947w
1399,ok_1604w
1402,ok_1147w
1403,ok_3420w
1407,ok_3661w
1414,ok_784w
1415,ok_1047w
1416,ok_1279w
1421,ok_1349w
1422,ok_1345w
1426,ok_1358w
1428,ok_1502w
1434,ok_1486w
1436,ok_1546w
1438,ok_607w
1439,ok_911w
1442,ok_2554w
1446,ok_823w
1451,ok_1062w
1454,ok_2389w
1458,ok_788w
1463,ok_1332w
1465,ok_1018w
1468,ok_2189w
1469,ok_2729w
1472,ok_1357w
1475,ok_2503w
1478,ok_1359w
1479,ok_1367w
1482,ok_1970w
1485,ok_2282w
1486,ok_2923w
1489,ok_1656w
1492,ok_3385w
1493,ok_1865w
1498,ok_660w
1512,ok_2014w
1515,ok_2637w
1521,ok_2356w
1522,ok_1415w
1523,ok_2718w
1525,ok_1855w
1526,ok_1368w
1527,ok_1441w
1536,ok_913w
1537,ok_903w
1539,ok_2910w
1540,ok_867w
1541,ok_999w
1542,ok_1285w
1543,ok_2528w
1545,ok_1617w
1548,ok_2044w
1549,ok_1356w
1553,ok_1346w
1556,ok_1965w
1558,ok_1704w
1561,ok_1066w
1562,ok_1423w
1564,ok_2944w
1568,ok_1030w
1574,ok_1428w
1580,ok_1390w
1581,ok_1045w
1583,ok_1483w
1586,ok_2373w
1590,ok_2511w
1591,ok_958w
1594,ok_846w
1595,ok_1961w
1596,ok_610w
1597,ok_1827w
1599,ok_1942w
1600,ok_580w
1602,ok_2588w
1605,ok_2155w
1608,ok_1314w
1610,ok_1340w
1613,ok_817w
1614,ok_964w
1616,ok_1646w
1620,ok_1690w
1623,ok_1518w
1630,ok_1554w
1632,ok_773w
1633,ok_1521w
1636,ok_887w
1641,ok_2035w
1642,ok_1089w
1647,ok_974w
1648,ok_2107w
1652,ok_2204w
1656,ok_550w
1657,ok_2278w
1662,ok_756w
1666,ok_2296w
1668,ok_884w
1671,ok_1738w
1672,ok_1543w
1673,ok_854w
1674,ok_1631w
1685,ok_732w
1688,ok_950w
1689,ok_831w
1694,ok_1575w
1695,ok_773w
1696,ok_1928w
1699,ok_1195w
1700,ok_1757w
1705,ok_1674w
1706,ok_1781w
1710,ok_1590w
1714,ok_1386w
1716,ok_1595w
1718,ok_2138w
1722,ok_2058w
1724,ok_1359w
1726,ok_1956w
1729,ok_2160w
1730,ok_2559w
1732,ok_1668w
1735,ok_1450w
1737,ok_1136w
1738,ok_1525w
1743,ok_1720w
1745,ok_2006w
1752,ok_3301w
1753,ok_800w
1759,ok_990w
1762,ok_1770w
1763,ok_676w
1766,ok_1051w
1777,ok_1781w
1779,ok_1639w
1783,ok_1833w
1785,ok_2181w
1793,ok_1299w
1799,ok_2465w
1800,ok_639w
1802,ok_1344w
1803,ok_6173w
1805,ok_1316w
1809,ok_1390w
1812,ok_1350w
1816,ok_2397w
1819,ok_1589w
1820,ok_2199w
1821,ok_2578w
1822,ok_1220w
1826,ok_820w
1832,ok_1919w
1833,ok_1666w
1834,ok_761w
1835,ok_2845w
1838,ok_1999w
1843,ok_2056w
1848,ok_1424w
1852,ok_1313w
1853,ok_849w
1854,ok_1568w
1855,ok_1701w
1862,ok_1679w
1869,ok_785w
1872,ok_963w
1873,ok_1705w
1874,ok_803w
1884,ok_1981w
1885,ok_1378w
1886,ok_1082w
1888,ok_2126w
1891,ok_1945w
1892,ok_1863w
1893,ok_1622w
1894,ok_977w
1896,ok_2050w
1899,ok_1384w
1900,ok_2672w
1901,ok_1689w
1903,ok_2390w
1907,ok_892w
1912,ok_3021w
1914,ok_1033w
1916,ok_1978w
1926,ok_622w
1928,ok_1641w
1930,ok_900w
1931,ok_1056w
1932,ok_2721w
1933,ok_759w
1934,ok_1533w
1935,ok_2418w
1937,ok_1340w
1938,ok_2252w
1941,ok_2811w
1944,ok_1720w
1948,ok_1283w
1949,ok_926w
1950,ok_1230w
1955,ok_753w
1959,ok_2387w
1961,ok_2129w
1963,ok_1866w
1965,ok_1104w
1966,ok_1305w
1973,ok_1873w
1976,ok_2646w
1978,ok_1634w
1986,ok_754w
1988,ok_1170w
1993,ok_1254w
1994,ok_616w
1995,ok_1631w
1996,ok_1278w
2000,ok_1580w
2002,ok_852w
2010,ok_1042w
2011,ok_1971w
2014,ok_2295w
2017,ok_1136w
2018,ok_2066w
2020,ok_910w
2026,ok_1204w
2028,ok_2418w
2034,ok_850w
2036,ok_1628w
2040,ok_1459w
2041,ok_1571w
2044,ok_1542w
2052,ok_2014w
2055,ok_1615w
2058,ok_552w
2061,ok_1717w
2062,ok_1545w
2064,ok_1475w
2066,ok_1456w
2067,ok_1331w
2068,ok_804w
2072,ok_1308w
2082,ok_1354w
2086,ok_891w
2106,ok_1921w
2112,ok_648w
2117,ok_1260w
2130,ok_1724w
2132,ok_1307w
2133,ok_1455w
2134,ok_1921w
2136,ok_1833w
2139,ok_1148w
2147,ok_1970w
2148,ok_702w
2149,ok_1196w
2153,ok_3036w
2154,ok_3392w
2157,ok_657w
2161,ok_2289w
2168,ok_3252w
2169,ok_1858w
2172,ok_2926w
2174,ok_770w
2176,ok_898w
2183,ok_1269w
2185,ok_2504w
2187,ok_1134w
2192,ok_1881w
2194,ok_2168w
2195,ok_1089w
2196,ok_660w
2197,ok_1850w
2201,ok_1467w
2206,ok_1392w
2210,ok_1272w
2214,ok_1212w
2218,ok_626w
2225,ok_2203w
2229,ok_1056w
2236,ok_1248w
2238,ok_2065w
2241,ok_1004w
2242,ok_1080w
2243,ok_1672w
2246,ok_1308w
2248,ok_996w
2251,ok_943w
2252,ok_2722w
2255,ok_964w
2258,ok_1345w
2261,ok_1198w
2265,ok_959w
2267,ok_2150w
2272,ok_1917w
2273,ok_2099w
2275,ok_1369w
2279,ok_784w
2282,ok_899w
2296,ok_1457w
2298,ok_643w
2299,ok_588w
2300,ok_2148w
2302,ok_1554w
2304,ok_2154w
2306,ok_1361w
2307,ok_1803w
2318,ok_2295w
2321,ok_1182w
2323,ok_1108w
2324,ok_1454w
2325,ok_1924w
2326,ok_2287w
2327,ok_2550w
2331,ok_2513w
2332,ok_2503w
2333,ok_1259w
2334,ok_1288w
2336,ok_3118w
2337,ok_1605w
2340,ok_1742w
2346,ok_1442w
2348,ok_1367w
2352,ok_2192w
2353,ok_1662w
2354,ok_1642w
2356,ok_2522w
2364,ok_1471w
2365,ok_644w
2371,ok_1033w
2372,ok_1068w
2373,ok_1728w
2375,ok_2170w
2383,ok_1322w
2389,ok_1607w
2394,ok_1296w
2396,ok_1153w
2401,ok_1615w
2405,ok_1397w
2411,ok_1163w
2416,ok_1538w
2420,ok_2107w
2421,ok_1467w
2422,ok_1193w
2424,ok_2326w
2428,ok_681w
2433,ok_3222w
2441,ok_3205w
2443,ok_2913w
2445,ok_1804w
2447,ok_1725w
2453,ok_2794w
2455,ok_910w
2458,ok_2797w
2462,ok_1622w
2470,ok_1813w
2471,ok_761w
2472,ok_1233w
2474,ok_1147w
2480,ok_2226w
2483,ok_1795w
2485,ok_636w
2487,ok_2232w
2493,ok_1881w
2494,ok_1776w
2495,ok_1857w
2496,ok_1459w
2501,ok_1968w
2507,ok_1355w
2508,ok_1751w
2516,ok_698w
2517,ok_1006w
2519,ok_1410w
2523,ok_1198w
2527,ok_1364w
2537,ok_1437w
2544,ok_2211w
2547,ok_1550w
2549,ok_872w
2553,ok_1657w
2558,ok_1519w
2559,ok_1294w
2566,ok_1459w
2568,ok_2074w
2578,ok_2549w
2580,ok_2262w
2584,ok_2029w
2585,ok_1106w
2587,ok_1518w
2590,ok_825w
2593,ok_1613w
2594,ok_1242w
2595,ok_1521w
2596,ok_880w
2597,ok_781w
2601,ok_1695w
2606,ok_1617w
2607,ok_679w
2609,ok_1555w
2611,ok_1677w
2613,ok_814w
2618,ok_2105w
2619,ok_1767w
2622,ok_1166w
2624,ok_1147w
2627,ok_726w
2628,ok_2125w
2630,ok_1108w
2637,ok_887w
2648,ok_1884w
2652,ok_1760w
2653,ok_1843w
2656,ok_1723w
2658,ok_1373w
2662,ok_3023w
2663,ok_1417w
2664,ok_2507w
2665,ok_869w
2667,ok_2324w
2670,ok_490w
2674,ok_1352w
2678,ok_838w
2679,ok_1629w
2688,ok_1888w
2693,ok_1420w
2699,ok_1324w
2700,ok_2739w
2701,ok_917w
2703,ok_2346w
2705,ok_1158w
2706,ok_2662w
2711,ok_1793w
2712,ok_1074w
2716,ok_1949w
2722,ok_2760w
2724,ok_2211w
2735,ok_1008w
2738,ok_2849w
2741,ok_1693w
2742,ok_1660w
2747,ok_1338w
2749,ok_1164w
2751,ok_2485w
2755,ok_1429w
2761,ok_2238w
2764,ok_2927w
2765,ok_1031w
2766,ok_1909w
2769,ok_1527w
2775,ok_1894w
2778,ok_2654w
2779,ok_784w
2781,ok_2259w
2783,ok_1648w
2785,ok_1666w
2795,ok_1637w
2800,ok_1367w
2804,ok_1528w
2807,ok_1044w
2814,ok_1128w
2815,ok_1375w
2820,ok_1140w
2824,ok_1944w
2828,ok_1483w
2829,ok_1166w
2835,ok_2103w
2837,ok_1576w
2838,ok_3002w
2839,ok_720w
2847,ok_2134w
2849,ok_1327w
2850,ok_1425w
2851,ok_1340w
2854,ok_785w
2858,ok_2052w
2860,ok_2134w
2863,ok_1092w
2872,ok_2274w
2876,ok_1380w
2877,ok_974w
2883,ok_992w
2888,ok_1134w
2890,ok_983w
2891,ok_667w
2895,ok_696w
2914,ok_1102w
2916,ok_656w
2929,ok_915w
2930,ok_1207w
2931,ok_1087w
2935,ok_1828w
2939,ok_1444w
2940,ok_1411w
2943,ok_1245w
2945,ok_3688w
2947,ok_1797w
2948,ok_1598w
2949,ok_1363w
2952,ok_2249w
2954,ok_2027w
2959,ok_1621w
2960,ok_2662w
2961,ok_2129w
2964,ok_925w
2966,ok_808w
2970,ok_1589w
2971,ok_1744w
2972,ok_1385w
2974,ok_2288w
2977,ok_1073w
2982,ok_2176w
2991,ok_1663w
2993,ok_1881w
2999,ok_712w
3000,ok_958w
3001,ok_907w
3004,ok_1330w
3006,ok_1157w
3009,ok_1680w
3014,ok_1961w
3019,ok_1907w
3023,ok_1211w
3024,ok_2219w
3028,ok_1438w
3035,ok_1765w
3039,ok_1310w
3040,ok_2150w
3044,ok_2094w
3045,ok_701w
3048,ok_973w
3050,ok_692w
3051,ok_2401w
3053,ok_1659w
3058,ok_3208w
3059,ok_1064w
3073,ok_2483w
3074,ok_2117w
3078,ok_832w
3079,ok_1158w
3082,ok_1549w
3087,ok_982w
3090,ok_1002w
3093,ok_2365w
3094,ok_1797w
3097,ok_2442w
3098,ok_1518w
3101,ok_966w
3103,ok_1427w
3106,ok_1180w
3107,ok_1468w
3108,ok_1857w
3110,ok_1103w
3113,ok_2075w
3116,ok_936w
3120,ok_1344w
3121,ok_2440w
3125,ok_1733w
3128,ok_754w
3130,ok_1943w
3133,ok_1665w
3134,ok_2910w
3136,ok_670w
3137,ok_1333w
3138,ok_1209w
3142,ok_1104w
3145,ok_2414w
3146,ok_3749w
3147,ok_2097w
3148,ok_3034w
3149,ok_1385w
3150,ok_2041w
3154,ok_2042w
3155,ok_1321w
3157,ok_1370w
3158,ok_1376w
3161,ok_950w
3164,ok_1605w
3165,ok_2229w
3167,ok_1433w
3170,ok_871w
3173,ok_2164w
3180,ok_855w
3181,ok_2903w
3186,ok_1971w
3188,ok_3085w
3189,ok_1620w
3193,ok_3089w
3194,ok_1831w
3196,ok_1792w
3202,ok_1259w
3203,ok_1775w
3208,ok_1280w
3216,ok_768w
3218,ok_739w
3222,ok_1765w
3223,ok_1775w
3228,ok_1850w
3229,ok_1312w
3232,ok_1440w
3233,ok_2181w
3235,ok_699w
3243,ok_734w
3247,ok_2216w
3248,ok_1853w
3250,ok_1097w
3251,ok_710w
3260,ok_964w
3263,ok_1015w
3267,ok_1972w
3270,ok_2241w
3271,ok_1244w
3284,ok_1366w
3286,ok_1711w
3287,ok_2849w
3291,ok_3176w
3293,ok_1715w
3295,ok_1313w
3296,ok_758w
3297,ok_1460w
3303,ok_1326w
3307,ok_1472w
3309,ok_910w
3310,ok_2627w
3311,ok_3578w
3312,ok_1303w
3315,ok_1446w
3318,ok_1576w
3321,ok_2191w
3325,ok_1747w
3328,ok_1424w
3330,ok_2050w
3333,ok_713w
3334,ok_2086w
3336,ok_1202w
3342,ok_1219w
3345,ok_1915w
3348,ok_1943w
3357,ok_781w
3358,ok_1729w
3359,ok_683w
3361,ok_2414w
3363,ok_1135w
3364,ok_2239w
3373,ok_2942w
3375,ok_709w
3376,ok_930w
3380,ok_1773w
3381,ok_1966w
3382,ok_1439w
3383,ok_1982w
3385,ok_1679w
3389,ok_1735w
3398,ok_871w
3401,ok_1113w
3404,ok_1134w
3407,ok_729w
3409,ok_1466w
3413,ok_683w
3415,ok_2393w
3418,ok_1441w
3427,ok_819w
3428,ok_1517w
3429,ok_1694w
3431,ok_1398w
3435,ok_845w
3436,ok_915w
3440,ok_763w
3441,ok_1084w
3442,ok_1251w
3447,ok_1091w
3449,ok_1103w
3450,ok_1623w
3451,ok_1566w
3453,ok_994w
3457,ok_1117w
3458,ok_1048w
3460,ok_903w
3462,ok_1434w
3464,ok_1786w
3468,ok_1672w
3475,ok_1449w
3476,ok_761w
3478,ok_1796w
3481,ok_972w
3483,ok_2230w
3488,ok_1514w
3492,ok_1088w
3502,ok_1529w
3503,ok_1241w
3505,ok_1601w
3506,ok_1332w
3513,ok_1493w
3515,ok_1511w
3516,ok_1951w
3521,ok_2989w
3524,ok_2850w
3526,ok_731w
3527,ok_1267w
3531,ok_1619w
3532,ok_933w
3533,ok_2078w
3535,ok_1239w
3537,ok_2286w
3545,ok_1776w
3546,ok_1493w
3549,ok_3059w
3550,ok_2105w
3555,ok_1986w
3559,ok_1619w
3562,ok_1678w
3565,ok_1547w
3566,ok_1905w
3567,ok_700w
3568,ok_1372w
3569,ok_759w
3571,ok_1640w
3572,ok_2692w
3573,ok_1280w
3576,ok_1557w
3588,ok_3136w
3589,ok_929w
3593,ok_1678w
3594,ok_2774w
3602,ok_1575w
3606,ok_1476w
3607,ok_1651w
3609,ok_913w
3611,ok_727w
3616,ok_1867w
3618,ok_1271w
3620,ok_887w
3621,ok_1776w
3623,ok_1116w
3628,ok_733w
3631,ok_2599w
3642,ok_2777w
3652,ok_2348w
3656,ok_3107w
3658,ok_1606w
3660,ok_1458w
3662,ok_1569w
3663,ok_1500w
3666,ok_1361w
3668,ok_1366w
3669,ok_1022w
3672,ok_888w
3677,ok_981w
3678,ok_866w
3682,ok_703w
3686,ok_1817w
3687,ok_1481w
3689,ok_1663w
3694,ok_2662w
3697,ok_1645w
3699,ok_1514w
3700,ok_1436w
3702,ok_1295w
3703,ok_1813w
3704,ok_1304w
3706,ok_3021w
3710,ok_2016w
3711,ok_1552w
3713,ok_1594w
3719,ok_2384w
3722,ok_1402w
3723,ok_1098w
3724,ok_921w
3725,ok_1374w
3728,ok_939w
3732,ok_1217w
3736,ok_906w
3737,ok_1784w
3739,ok_968w
3744,ok_2117w
3749,ok_3006w
3750,ok_1501w
3752,ok_2291w
3753,ok_2544w
3758,ok_966w
3761,ok_930w
3763,ok_1608w
3764,ok_1241w
3768,ok_1285w
3774,ok_1580w
3775,ok_1901w
3777,ok_741w
3782,ok_1417w
3783,ok_1833w
3785,ok_2684w
3789,ok_1002w
3791,ok_1803w
3793,ok_758w
3794,ok_1791w
3798,ok_1658w
3800,ok_2179w
3805,ok_1996w
3813,ok_1047w
3814,ok_1394w
3818,ok_1955w
3822,ok_1403w
3823,ok_1440w
3824,ok_2730w
3828,ok_1541w
3831,ok_1504w
3832,ok_2219w
3835,ok_1447w
3836,ok_1624w
3840,ok_1127w
3842,ok_2700w
3843,ok_1926w
3844,ok_2511w
3845,ok_1309w
3846,ok_2559w
3848,ok_842w
3849,ok_1754w
3850,ok_2109w
3854,ok_3100w
3857,ok_1250w
3863,ok_2117w
3864,ok_844w
3870,ok_2504w
3878,ok_1716w
3879,ok_1554w
3886,ok_2199w
3887,ok_1662w
3888,ok_1685w
3889,ok_1748w
3890,ok_2051w
3891,ok_960w
3893,ok_1910w
3895,ok_1766w
3898,ok_933w
3902,ok_1238w
3904,ok_2111w
3906,ok_909w
3912,ok_1024w
3913,ok_1785w
3919,ok_1269w
3929,ok_770w
3930,ok_2183w
3931,ok_1299w
3934,ok_1090w
3936,ok_841w
3937,ok_589w
3944,ok_1971w
3949,ok_875w
3950,ok_2413w
3955,ok_1897w
3963,ok_1489w
3967,ok_1591w
3968,ok_900w
3972,ok_1288w
3973,ok_2157w
3974,ok_1659w
3975,ok_1703w
3981,ok_717w
3987,ok_1200w
3991,ok_2452w
3992,ok_832w
3993,ok_1587w
3994,ok_3252w
3995,ok_998w
3998,ok_1674w
3999,ok_2047w
4000,ok_743w
4005,ok_2160w
4007,ok_1024w
4009,ok_837w
4010,ok_977w
4011,ok_1080w
4012,ok_699w
4013,ok_1702w
4022,ok_750w
4024,ok_1108w
4026,ok_1925w
4027,ok_1453w
4028,ok_1237w
4033,ok_1282w
4034,ok_2249w
4035,ok_785w
4036,ok_1525w
4040,ok_1546w
4042,ok_1278w
4043,ok_3082w
4045,ok_1226w
4046,ok_2105w
4050,ok_1775w
4052,ok_850w
4054,ok_2711w
4060,ok_1953w
4066,ok_2745w
4067,ok_788w
4070,ok_1321w
4072,ok_1736w
4074,ok_1506w
4076,ok_1852w
4091,ok_2802w
4093,ok_3135w
4098,ok_1869w
4106,ok_1358w
4111,ok_1004w
4112,ok_2471w
4114,ok_1696w
4115,ok_1108w
4116,ok_1056w
4133,ok_1398w
4135,ok_1358w
4137,ok_1734w
4140,ok_3011w
4144,ok_1942w
4150,ok_3060w
4155,ok_610w
4162,ok_1601w
4166,ok_3056w
4167,ok_1958w
4168,ok_2016w
4172,ok_1062w
4179,ok_2221w
4186,ok_1021w
4187,ok_1228w
4189,ok_1377w
4191,ok_1879w
4195,ok_739w
4203,ok_952w
4206,ok_3072w
4207,ok_1751w
4208,ok_594w
4211,ok_1414w
4213,ok_851w
4214,ok_1983w
4216,ok_2079w
4219,ok_785w
4225,ok_1902w
4233,ok_1935w
4236,ok_1833w
4238,ok_1396w
4242,ok_1371w
4247,ok_880w
4249,ok_1715w
4251,ok_2293w
4252,ok_2067w
4254,ok_1311w
4255,ok_2659w
4256,ok_3145w
4258,ok_2097w
4259,ok_1710w
4264,ok_2145w
4265,ok_1535w
4269,ok_1393w
4272,ok_2127w
4278,ok_1589w
4279,ok_780w
4280,ok_1081w
4282,ok_1743w
4283,ok_2633w
4284,ok_2205w
4286,ok_1633w
4289,ok_2893w
4293,ok_907w
4302,ok_1821w
4304,ok_2562w
4305,ok_1770w
4307,ok_1192w
4308,ok_767w
4309,ok_1054w
4310,ok_2313w
4311,ok_892w
4314,ok_1209w
4320,ok_1872w
4322,ok_1598w
4325,ok_1318w
4326,ok_1108w
4327,ok_909w
4328,ok_1647w
4333,ok_1221w
4335,ok_1774w
4341,ok_3052w
4345,ok_1663w
4347,ok_2877w
4354,ok_1130w
4356,ok_1723w
4362,ok_1113w
4368,ok_1625w
4371,ok_1594w
4375,ok_2172w
4382,ok_1249w
4383,ok_1812w
4389,ok_1228w
4392,ok_1303w
4398,ok_2359w
4401,ok_987w
4402,ok_1680w
4405,ok_2343w
4408,ok_617w
4417,ok_2120w
4419,ok_709w
4424,ok_2031w
4425,ok_937w
4429,ok_2124w
4430,ok_1589w
4432,ok_1687w
4433,ok_845w
4437,ok_1029w
4439,ok_1393w
4443,ok_1581w
4449,ok_676w
4451,ok_1237w
4456,ok_1672w
4458,ok_800w
4461,ok_2696w
4462,ok_742w
4463,ok_1527w
4466,ok_823w
4470,ok_1253w
4474,ok_883w
4475,ok_2148w
4476,ok_1947w
4478,ok_1720w
4480,ok_988w
4481,ok_3016w
4483,ok_1379w
4488,ok_1200w
4489,ok_1399w
4496,ok_2204w
4498,ok_1347w
4504,ok_3223w
4509,ok_2298w
4510,ok_3205w
4515,ok_1741w
4519,ok_889w
4520,ok_1639w
4522,ok_908w
4525,ok_1861w
4536,ok_884w
4538,ok_944w
4540,ok_2310w
4547,ok_1246w
4549,ok_1803w
4559,ok_741w
4564,ok_739w
4568,ok_1606w
4572,ok_773w
4573,ok_2786w
4574,ok_2453w
4576,ok_2032w
4578,ok_2531w
4581,ok_610w
4591,ok_1498w
4596,ok_1274w
4599,ok_1699w
4600,ok_1220w
4602,ok_1099w
4603,ok_1994w
4604,ok_2588w
4605,ok_770w
4609,ok_2528w
4612,ok_2323w
4617,ok_1762w
4619,ok_1043w
4621,ok_1859w
4626,ok_1548w
4627,ok_971w
4632,ok_1831w
4635,ok_895w
4637,ok_973w
4644,ok_2979w
4646,ok_887w
4650,ok_1520w
4652,ok_2158w
4653,ok_1356w
4655,ok_727w
4656,ok_1165w
4657,ok_1128w
4658,ok_1299w
4665,ok_1967w
4666,ok_2436w
4670,ok_3184w
4673,ok_667w
4683,ok_976w
4684,ok_2435w
4686,ok_990w
4700,ok_1509w
4706,ok_1529w
4711,ok_1321w
4715,ok_1717w
4718,ok_965w
4719,ok_768w
4721,ok_2482w
4724,ok_1101w
4729,ok_1467w
4731,ok_2396w
4732,ok_1634w
4743,ok_2025w
4744,ok_1502w
4745,ok_1479w
4746,ok_2855w
4750,ok_1801w
4752,ok_1331w
4759,ok_2444w
4761,ok_651w
4764,ok_1829w
4773,ok_1104w
4775,ok_1415w
4777,ok_1158w
4778,ok_1152w
4779,ok_1520w
4780,ok_1447w
4781,ok_2580w
4783,ok_1661w
4785,ok_1094w
4790,ok_819w
4792,ok_1342w
4798,ok_2008w
4800,ok_2646w
4801,ok_5012w
4802,ok_1220w
4806,ok_1796w
4808,ok_1175w
4809,ok_1611w
4813,ok_1328w
4816,ok_1097w
4817,ok_3101w
4818,ok_817w
4820,ok_1594w
4823,ok_1420w
4825,ok_928w
4826,ok_1187w
4828,ok_1439w
4835,ok_2173w
4839,ok_1451w
4841,ok_748w
4843,ok_1842w
4844,ok_614w
4851,ok_2586w
4853,ok_2141w
4857,ok_834w
4858,ok_1245w
4861,ok_1831w
4864,ok_1554w
4865,ok_2158w
4869,ok_1254w
4874,ok_914w
4880,ok_1517w
4882,ok_1324w
4887,ok_2232w
4893,ok_1668w
4894,ok_1604w
4897,ok_1219w
4902,ok_984w
4903,ok_698w
4907,ok_1001w
4911,ok_2438w
4912,ok_2159w
4914,ok_1388w
4916,ok_1608w
4925,ok_899w
4929,ok_771w
4932,ok_1951w
4933,ok_1081w
4934,ok_3385w
4939,ok_1165w
4941,ok_805w
4942,ok_1674w
4943,ok_1027w
4946,ok_1085w
4947,ok_1786w
4951,ok_2005w
4957,ok_1571w
4958,ok_1797w
4959,ok_2423w
4960,ok_1515w
4964,ok_859w
4966,ok_2200w
4975,ok_1730w
4977,ok_1229w
4987,ok_2119w
4989,ok_1062w
4995,ok_2201w
4997,ok_2284w
4999,ok_2502w
5004,ok_2343w
5005,ok_1163w
5006,ok_1812w
5010,ok_2021w
5015,ok_1012w
5018,ok_1902w
5019,ok_2626w
5021,ok_873w
5024,ok_1072w
5027,ok_1334w
5033,ok_1181w
5035,ok_1930w
5036,ok_2092w
5040,ok_1518w
5043,ok_1663w
5044,ok_1601w
5045,ok_1025w
5046,ok_1205w
5052,ok_1673w
5059,ok_1906w
5060,ok_3006w
5068,ok_1129w
5072,ok_1279w
5080,ok_1004w
5084,ok_1475w
5089,ok_1668w
5090,ok_1421w
5091,ok_1795w
5092,ok_710w
5099,ok_2215w
5100,ok_1937w
5106,ok_2514w
5108,ok_1871w
5109,ok_2102w
5110,ok_1146w
5117,ok_657w
5118,ok_1139w
5119,ok_2586w
5126,ok_1527w
5131,ok_1421w
5135,ok_2400w
5137,ok_2325w
5139,ok_1793w
5140,ok_1731w
5142,ok_1343w
5149,ok_736w
5151,ok_904w
5152,ok_2228w
5153,ok_2137w
5157,ok_702w
5162,ok_1885w
5166,ok_2105w
5173,ok_2723w
5175,ok_1684w
5178,ok_1372w
5179,ok_770w
5182,ok_1151w
5184,ok_902w
5187,ok_936w
5193,ok_997w
5198,ok_1634w
5201,ok_2246w
5203,ok_1726w
5214,ok_1013w
5217,ok_1034w
5221,ok_907w
5222,ok_1892w
5226,ok_697w
5229,ok_1120w
5230,ok_797w
5232,ok_1572w
5235,ok_1944w
5237,ok_731w
5242,ok_1142w
5245,ok_2657w
5246,ok_1159w
5247,ok_1672w
5251,ok_1624w
5254,ok_1222w
5255,ok_1399w
5259,ok_1377w
5264,ok_1936w
5269,ok_691w
5270,ok_756w
5271,ok_1237w
5278,ok_1456w
5284,ok_2024w
5288,ok_661w
5295,ok_1375w
5296,ok_835w
5297,ok_1004w
5299,ok_821w
5303,ok_1665w
5304,ok_2557w
5305,ok_1703w
5308,ok_1521w
5309,ok_1116w
5310,ok_1162w
5314,ok_1797w
5317,ok_2141w
5319,ok_2891w
5321,ok_1950w
5324,ok_691w
5332,ok_1133w
5339,ok_1428w
5342,ok_1011w
5346,ok_2695w
5347,ok_2472w
5349,ok_2239w
5353,ok_1064w
5360,ok_3189w
5362,ok_1830w
5367,ok_881w
5371,ok_1291w
5372,ok_1932w
5379,ok_1251w
5383,ok_947w
5387,ok_1763w
5394,ok_769w
5395,ok_1615w
5396,ok_3775w
5402,ok_994w
5403,ok_1995w
5420,ok_1242w
5423,ok_1730w
5425,ok_1797w
5427,ok_952w
5428,ok_2129w
5439,ok_1571w
5442,ok_1882w
5443,ok_1760w
5446,ok_1130w
5451,ok_1554w
5453,ok_630w
5454,ok_1179w
5456,ok_1308w
5458,ok_3073w
5463,ok_1300w
5467,ok_1565w
5474,ok_828w
5480,ok_1685w
5486,ok_1346w
5492,ok_1832w
5497,ok_2644w
5500,ok_971w
5505,ok_1267w
5507,ok_1897w
5508,ok_1488w
5509,ok_1249w
5513,ok_1493w
5515,ok_2253w
5516,ok_2418w
5519,ok_1474w
5520,ok_973w
5524,ok_1801w
5526,ok_803w
5531,ok_1830w
5533,ok_652w
5537,ok_1030w
5538,ok_917w
5544,ok_1259w
5546,ok_852w
5552,ok_1607w
5556,ok_762w
5561,ok_667w
5564,ok_1831w
5566,ok_1592w
5568,ok_1364w
5574,ok_2413w
5578,ok_1685w
5582,ok_1958w
5583,ok_1060w
5585,ok_1272w
5593,ok_1731w
5595,ok_2676w
5597,ok_723w
5598,ok_741w
5600,ok_1379w
5601,ok_1206w
5602,ok_1350w
5607,ok_2747w
5612,ok_1615w
5613,ok_1558w
5614,ok_986w
5618,ok_2497w
5620,ok_1308w
5621,ok_2535w
5626,ok_2054w
5627,ok_1448w
5630,ok_2719w
5633,ok_1342w
5634,ok_1228w
5637,ok_2498w
5638,ok_1669w
5641,ok_2415w
5642,ok_1171w
5646,ok_1503w
5650,ok_1125w
5654,ok_1167w
5655,ok_913w
5658,ok_1038w
5665,ok_2024w
5669,ok_1747w
5670,ok_2004w
5671,ok_2102w
5673,ok_1307w
5675,ok_1109w
5677,ok_1388w
5678,ok_4953w
5682,ok_1759w
5684,ok_2125w
5687,ok_3563w
5690,ok_1786w
5693,ok_3038w
5694,ok_1937w
5696,ok_780w
5698,ok_3497w
5703,ok_1097w
5715,ok_2451w
5719,ok_642w
5724,ok_2259w
5725,ok_967w
5729,ok_2146w
5733,ok_2021w
5734,ok_1678w
5746,ok_2174w
5749,ok_2304w
5750,ok_2141w
5751,ok_1600w
5753,ok_1259w
5755,ok_1011w
5759,ok_1286w
5760,ok_2722w
5769,ok_1615w
5771,ok_1681w
5777,ok_1777w
5782,ok_565w
5783,ok_1780w
5788,ok_2152w
5795,ok_1443w
5806,ok_1975w
5809,ok_2437w
5816,ok_1718w
5819,ok_1885w
5826,ok_2496w
5834,ok_1017w
5837,ok_2654w
5839,ok_1440w
5840,ok_3066w
5842,ok_1565w
5843,ok_1417w
5844,ok_2430w
5849,ok_1536w
5859,ok_2279w
5860,ok_1800w
5864,ok_713w
5865,ok_1606w
5866,ok_1761w
5869,ok_1608w
5870,ok_2112w
5871,ok_1322w
5872,ok_2791w
5873,ok_975w
5875,ok_2271w
5884,ok_2422w
5894,ok_859w
5895,ok_2142w
5902,ok_659w
5904,ok_1486w
5907,ok_1524w
5911,ok_1100w
5914,ok_1728w
5917,ok_1043w
5918,ok_1815w
5936,ok_2411w
5937,ok_2176w
5943,ok_1370w
5944,ok_1844w
5946,ok_1812w
5950,ok_2556w
5954,ok_644w
5956,ok_1660w
5964,ok_1952w
5967,ok_2140w
5973,ok_1553w
5975,ok_1774w
5976,ok_1761w
5977,ok_1338w
5981,ok_1576w
5982,ok_723w
5983,ok_2352w
5989,ok_1669w
5993,ok_2939w
5994,ok_657w
5997,ok_1762w
6000,ok_2438w
6003,ok_910w
6007,ok_974w
6009,ok_3060w
6010,ok_2033w
6016,ok_713w
6017,ok_1805w
6020,ok_2187w
6028,ok_1046w
6029,ok_599w
6031,ok_968w
6032,ok_1186w
6037,ok_1776w
6039,ok_2387w
6042,ok_838w
6043,ok_1522w
6045,ok_1761w
6047,ok_1311w
6049,ok_1306w
6053,ok_1063w
6056,ok_977w
6058,ok_2139w
6059,ok_1826w
6061,ok_2439w
6063,ok_1560w
6065,ok_868w
6066,ok_1464w
6067,ok_715w
6072,ok_1054w
6074,ok_2305w
6076,ok_1467w
6077,ok_1292w
6082,ok_2123w
6083,ok_1449w
6085,ok_1553w
6086,ok_1430w
6089,ok_1002w
6101,ok_1491w
6102,ok_1098w
6103,ok_1327w
6104,ok_1276w
6114,ok_2153w
6119,ok_1983w
6121,ok_2715w
6126,ok_1952w
6127,ok_1387w
6129,ok_1761w
6133,ok_1110w
6134,ok_2064w
6140,ok_1057w
6141,ok_1292w
6143,ok_1655w
6144,ok_601w
6147,ok_1853w
6152,ok_1292w
6156,ok_812w
6159,ok_2540w
6163,ok_1175w
6166,ok_2667w
6167,ok_1768w
6169,ok_1772w
6171,ok_1774w
6176,ok_1859w
6178,ok_1216w
6179,ok_3167w
6182,ok_1981w
6184,ok_1526w
6185,ok_1422w
6186,ok_1499w
6191,ok_713w
6194,ok_1212w
6196,ok_1518w
6198,ok_999w
6210,ok_790w
6214,ok_1566w
6217,ok_2064w
6218,ok_988w
6219,ok_1500w
6220,ok_3351w
6224,ok_1029w
6227,ok_1528w
6228,ok_807w
6230,ok_886w
6233,ok_877w
6240,ok_1423w
6241,ok_2287w
6247,ok_1172w
6248,ok_1444w
6254,ok_1241w
6255,ok_1586w
6257,ok_3052w
6259,ok_1227w
6262,ok_608w
6264,ok_1764w
6266,ok_1186w
6269,ok_1260w
6270,ok_1767w
6273,ok_1376w
6275,ok_1974w
6277,ok_1180w
6279,ok_1384w
6280,ok_1821w
6282,ok_1325w
6284,ok_1661w
6286,ok_1354w
6289,ok_1338w
6290,ok_2117w
6292,ok_1578w
6293,ok_796w
6296,ok_2070w
6297,ok_2615w
6305,ok_1416w
6312,ok_1585w
6314,ok_1133w
6316,ok_971w
6317,ok_1537w
6330,ok_950w
6332,ok_2273w
6339,ok_690w
6343,ok_1930w
6345,ok_1213w
6346,ok_1758w
6351,ok_3084w
6355,ok_1350w
6357,ok_1927w
6359,ok_786w
6360,ok_2128w
6361,ok_1575w
6362,ok_1391w
6363,ok_2626w
6368,ok_1871w
6372,ok_1325w
6375,ok_1019w
6378,ok_2502w
6381,ok_786w
6383,ok_2322w
6385,ok_2062w
6386,ok_1942w
6387,ok_1200w
6388,ok_1022w
