caseid,split
1,validation
4,development
5,development
10,validation
12,validation
16,validation
17,development
19,validation
22,validation
25,development
27,validation
29,validation
34,validation
41,development
43,validation
50,validation
52,validation
53,development
55,validation
58,validation
60,validation
61,validation
64,validation
65,development
66,development
70,development
79,development
83,development
84,development
87,development
89,validation
94,development
96,validation
97,validation
98,development
101,development
105,validation
108,validation
110,validation
111,development
112,validation
114,development
116,validation
117,development
118,development
119,validation
124,development
125,development
135,validation
137,validation
138,development
140,validation
142,validation
143,development
146,development
148,validation
156,development
158,development
161,validation
166,development
175,development
177,validation
178,validation
181,development
184,development
190,development
191,validation
195,validation
198,development
202,development
203,development
206,validation
208,development
210,validation
222,development
229,development
232,validation
233,validation
234,development
236,validation
237,development
239,development
244,development
250,development
251,development
252,validation
256,validation
261,development
263,validation
266,development
268,development
269,development
279,development
283,validation
284,development
286,development
287,development
295,development
300,validation
303,development
304,development
306,validation
308,development
309,development
312,validation
321,development
323,validation
327,development
330,development
337,validation
343,validation
345,validation
348,development
349,validation
355,development
357,development
362,validation
363,development
367,validation
369,validation
370,development
375,validation
382,validation
383,development
384,development
387,validation
388,validation
390,development
397,development
398,development
404,development
406,development
409,development
415,development
417,validation
418,validation
427,validation
431,validation
439,development
441,development
442,development
445,validation
448,development
449,development
451,development
452,validation
462,development
466,validation
469,development
472,validation
476,development
486,validation
490,validation
492,development
499,development
505,validation
512,development
516,validation
519,development
520,validation
521,development
526,development
530,validation
535,development
536,development
541,validation
543,development
544,development
550,development
551,development
553,validation
559,validation
562,validation
564,validation
567,development
568,validation
573,development
576,validation
577,development
582,development
584,validation
587,development
590,validation
594,development
610,validation
611,validation
612,validation
616,validation
617,validation
620,development
627,development
629,validation
631,development
644,development
649,development
650,development
652,development
655,development
659,development
663,validation
665,development
666,development
671,validation
676,development
680,validation
683,validation
687,validation
691,development
697,development
698,validation
702,validation
703,validation
706,validation
711,development
719,validation
721,validation
722,validation
725,development
728,validation
730,development
733,development
734,development
739,development
740,validation
742,validation
743,development
748,validation
750,validation
751,validation
752,development
755,development
758,development
762,development
763,validation
764,development
767,development
774,development
775,development
776,development
779,validation
781,development
783,development
788,validation
792,development
793,validation
794,development
795,development
797,validation
800,validation
802,validation
807,development
808,validation
813,development
814,validation
815,development
818,development
819,validation
822,development
830,validation
831,development
833,validation
843,validation
844,validation
846,validation
847,development
851,validation
852,development
853,development
859,validation
864,development
865,validation
866,validation
869,development
870,validation
871,development
872,development
876,development
879,validation
880,validation
883,validation
885,validation
886,development
887,validation
890,development
892,validation
898,development
907,validation
913,validation
916,validation
917,validation
919,validation
920,development
931,validation
936,development
937,development
939,development
944,development
945,validation
947,validation
948,development
954,development
957,development
958,validation
963,validation
969,validation
971,validation
976,development
979,development
984,development
985,development
986,development
988,development
991,development
992,development
994,development
1001,development
1003,validation
1005,development
1006,development
1012,validation
1013,validation
1017,validation
1018,development
1020,validation
1022,development
1024,validation
1025,development
1026,validation
1027,validation
1029,validation
1030,validation
1032,development
1033,development
1034,validation
1037,development
1038,development
1039,validation
1040,development
1043,development
1044,development
1046,development
1047,validation
1049,validation
1050,validation
1051,development
1055,development
1056,development
1061,validation
1063,validation
1065,development
1069,development
1076,validation
1078,development
1081,development
1083,development
1084,development
1086,validation
1088,validation
1090,development
1093,development
1095,validation
1098,development
1108,validation
1113,development
1114,development
1123,development
1124,development
1125,validation
1127,validation
1132,development
1138,development
1159,development
1160,validation
1165,development
1166,development
1170,validation
1176,validation
1180,development
1181,development
1182,development
1185,validation
1187,development
1189,development
1191,development
1193,validation
1194,validation
1199,validation
1200,validation
1201,development
1204,development
1205,validation
1208,validation
1209,validation
1213,development
1215,validation
1216,validation
1217,validation
1219,validation
1224,validation
1225,validation
1228,validation
1229,validation
1230,development
1231,validation
1232,validation
1236,validation
1239,development
1244,development
1248,validation
1249,validation
1256,validation
1261,development
1263,development
1267,validation
1272,development
1275,development
1277,development
1283,validation
1285,development
1286,development
1290,validation
1291,validation
1292,validation
1293,development
1298,development
1299,validation
1302,development
1305,validation
1307,development
1309,validation
1311,validation
1313,validation
1315,development
1316,development
1320,development
1321,validation
1323,validation
1324,development
1325,development
1327,development
1333,development
1335,validation
1339,validation
1340,development
1341,development
1343,development
1344,development
1350,validation
1353,development
1356,validation
1358,validation
1359,development
1362,development
1364,development
1365,development
1367,development
1368,development
1374,development
1381,development
1383,validation
1386,development
1389,development
1396,validation
1397,validation
1399,validation
1402,validation
1403,development
1407,validation
1414,validation
1415,validation
1416,validation
1421,validation
1422,development
1426,validation
1428,validation
1434,development
1436,development
1438,development
1439,development
1442,development
1446,development
1451,validation
1454,validation
1458,validation
1463,validation
1465,development
1468,validation
1469,validation
1472,development
1475,development
1478,development
1479,validation
1482,development
1485,validation
1486,validation
1489,development
1492,development
1493,development
1498,development
1512,development
1515,validation
1521,validation
1522,development
1523,validation
1525,development
1526,validation
1527,development
1536,development
1537,validation
1539,validation
1540,validation
1541,development
1542,validation
1543,validation
1545,validation
1548,development
1549,development
1553,validation
1556,development
1558,validation
1561,validation
1562,development
1564,development
1568,development
1574,development
1580,development
1581,validation
1583,development
1586,validation
1590,validation
1591,development
1594,validation
1595,development
1596,development
1597,validation
1599,development
1600,validation
1602,development
1605,validation
1608,development
1610,development
1613,development
1614,development
1616,development
1620,validation
1623,development
1630,validation
1632,development
1633,validation
1636,development
1641,validation
1642,validation
1647,development
1648,development
1652,validation
1656,validation
1657,validation
1662,validation
1666,validation
1668,validation
1671,validation
1672,validation
1673,validation
1674,validation
1685,validation
1688,validation
1689,validation
1694,development
1695,development
1696,development
1699,development
1700,development
1705,development
1706,development
1710,validation
1714,development
1716,development
1718,validation
1722,development
1724,validation
1726,validation
1729,validation
1730,development
1732,validation
1735,development
1737,development
1738,validation
1743,development
1745,validation
1752,development
1753,development
1759,validation
1762,development
1763,validation
1766,validation
1777,validation
1779,development
1783,validation
1785,validation
1793,validation
1799,validation
1800,validation
1802,validation
1803,development
1805,validation
1809,development
1812,validation
1816,development
1819,development
1820,validation
1821,development
1822,validation
1826,development
1832,development
1833,validation
1834,development
1835,development
1838,validation
1843,development
1848,development
1852,validation
1853,development
1854,validation
1855,development
1862,validation
1869,validation
1872,validation
1873,development
1874,development
1884,validation
1885,development
1886,development
1888,development
1891,validation
1892,development
1893,validation
1894,development
1896,validation
1899,validation
1900,validation
1901,validation
1903,development
1907,validation
1912,validation
1914,validation
1916,development
1926,development
1928,development
1930,validation
1931,validation
1932,development
1933,validation
1934,development
1935,validation
1937,validation
1938,development
1941,development
1944,development
1948,development
1949,validation
1950,development
1955,development
1959,development
1961,validation
1963,development
1965,validation
1966,validation
1973,development
1976,development
1978,validation
1986,validation
1988,development
1993,development
1994,validation
1995,validation
1996,validation
2000,development
2002,validation
2010,validation
2011,validation
2014,validation
2017,validation
2018,development
2020,validation
2026,validation
2028,validation
2034,validation
2036,validation
2040,development
2041,development
2044,validation
2052,development
2055,validation
2058,development
2061,development
2062,development
2064,validation
2066,validation
2067,validation
2068,development
2072,validation
2082,development
2086,development
2106,validation
2112,development
2117,development
2130,validation
2132,development
2133,development
2134,development
2136,development
2139,validation
2147,development
2148,development
2149,development
2153,development
2154,development
2157,validation
2161,validation
2168,validation
2169,validation
2172,validation
2174,development
2176,development
2183,development
2185,validation
2187,development
2192,validation
2194,development
2195,development
2196,development
2197,development
2201,development
2206,validation
2210,development
2214,development
2218,validation
2225,development
2229,development
2236,development
2238,validation
2241,development
2242,validation
2243,development
2246,development
2248,validation
2251,validation
2252,validation
2255,validation
2258,development
2261,development
2265,development
2267,validation
2272,development
2273,validation
2275,validation
2279,development
2282,validation
2296,validation
2298,development
2299,validation
2300,development
2302,validation
2304,development
2306,development
2307,development
2318,development
2321,development
2323,development
2324,validation
2325,validation
2326,development
2327,development
2331,validation
2332,development
2333,development
2334,development
2336,development
2337,development
2340,development
2346,development
2348,development
2352,development
2353,validation
2354,validation
2356,development
2364,development
2365,development
2371,development
2372,validation
2373,development
2375,validation
2383,development
2389,development
2394,validation
2396,development
2401,validation
2405,development
2411,validation
2416,development
2420,validation
2421,validation
2422,validation
2424,development
2428,validation
2433,development
2441,validation
2443,validation
2445,validation
2447,validation
2453,development
2455,development
2458,validation
2462,development
2470,development
2471,development
2472,development
2474,development
2480,validation
2483,validation
2485,validation
2487,development
2493,development
2494,validation
2495,validation
2496,validation
2501,development
2507,development
2508,development
2516,development
2517,development
2519,development
2523,development
2527,development
2537,development
2544,validation
2547,validation
2549,development
2553,development
2558,development
2559,validation
2566,validation
2568,development
2578,development
2580,validation
2584,validation
2585,development
2587,validation
2590,validation
2593,development
2594,development
2595,validation
2596,development
2597,development
2601,development
2606,validation
2607,validation
2609,development
2611,development
2613,validation
2618,validation
2619,development
2622,validation
2624,validation
2627,validation
2628,development
2630,validation
2637,development
2648,development
2652,validation
2653,development
2656,development
2658,validation
2662,validation
2663,validation
2664,development
2665,validation
2667,validation
2670,development
2674,validation
2678,validation
2679,validation
2688,validation
2693,validation
2699,development
2700,validation
2701,validation
2703,development
2705,development
2706,development
2711,development
2712,validation
2716,development
2722,development
2724,validation
2735,development
2738,development
2741,development
2742,development
2747,development
2749,development
2751,development
2755,development
2761,validation
2764,development
2765,development
2766,validation
2769,validation
2775,validation
2778,validation
2779,development
2781,validation
2783,validation
2785,development
2795,validation
2800,development
2804,validation
2807,validation
2814,validation
2815,development
2820,development
2824,development
2828,development
2829,development
2835,validation
2837,development
2838,development
2839,development
2847,validation
2849,validation
2850,validation
2851,development
2854,validation
2858,validation
2860,development
2863,development
2872,validation
2876,validation
2877,validation
2883,development
2888,validation
2890,development
2891,validation
2895,development
2914,development
2916,validation
2929,development
2930,validation
2931,validation
2935,validation
2939,validation
2940,validation
2943,validation
2945,validation
2947,development
2948,validation
2949,development
2952,validation
2954,development
2959,development
2960,validation
2961,development
2964,validation
2966,development
2970,development
2971,validation
2972,development
2974,development
2977,development
2982,validation
2991,development
2993,development
2999,validation
3000,validation
3001,validation
3004,validation
3006,development
3009,validation
3014,development
3019,development
3023,development
3024,validation
3028,validation
3035,development
3039,development
3040,development
3044,validation
3045,development
3048,development
3050,validation
3051,validation
3053,development
3058,development
3059,development
3073,development
3074,validation
3078,development
3079,development
3082,development
3087,development
3090,development
3093,development
3094,development
3097,validation
3098,development
3101,validation
3103,validation
3106,validation
3107,development
3108,validation
3110,development
3113,validation
3116,validation
3120,validation
3121,development
3125,validation
3128,validation
3130,validation
3133,development
3134,development
3136,validation
3137,validation
3138,validation
3142,development
3145,development
3146,validation
3147,validation
3148,validation
3149,validation
3150,development
3154,development
3155,validation
3157,development
3158,development
3161,development
3164,validation
3165,validation
3167,validation
3170,development
3173,development
3180,development
3181,validation
3186,development
3188,development
3189,development
3193,development
3194,validation
3196,development
3202,validation
3203,validation
3208,development
3216,validation
3218,validation
3222,development
3223,validation
3228,development
3229,validation
3232,development
3233,validation
3235,validation
3243,development
3247,validation
3248,validation
3250,development
3260,validation
3263,development
3267,validation
3270,development
3271,validation
3284,development
3286,validation
3287,validation
3291,development
3293,development
3295,development
3296,validation
3297,development
3303,validation
3307,validation
3309,development
3310,development
3311,validation
3312,development
3315,validation
3318,validation
3321,development
3325,development
3328,validation
3330,validation
3333,validation
3334,validation
3336,validation
3342,validation
3345,development
3348,validation
3357,validation
3358,validation
3359,validation
3361,development
3363,development
3364,validation
3373,development
3375,development
3376,development
3380,development
3381,development
3382,validation
3383,development
3385,development
3389,validation
3398,validation
3401,development
3404,development
3407,validation
3409,development
3413,validation
3415,development
3418,development
3427,validation
3428,development
3429,development
3431,development
3435,validation
3436,validation
3440,development
3441,validation
3442,validation
3447,validation
3449,validation
3450,development
3451,development
3453,development
3457,validation
3458,validation
3460,validation
3462,development
3464,development
3468,validation
3475,validation
3476,development
3478,validation
3481,validation
3483,development
3488,validation
3492,validation
3502,validation
3503,validation
3505,development
3506,development
3513,development
3515,development
3516,validation
3521,validation
3524,development
3526,development
3527,validation
3531,development
3532,validation
3533,validation
3535,validation
3537,validation
3545,validation
3546,development
3549,validation
3550,validation
3555,development
3559,development
3562,validation
3565,validation
3566,development
3567,validation
3568,validation
3569,validation
3571,development
3572,validation
3573,validation
3576,validation
3588,development
3589,development
3593,validation
3594,development
3602,development
3606,validation
3607,validation
3609,validation
3611,development
3616,development
3618,development
3620,validation
3621,development
3623,validation
3628,validation
3631,validation
3642,validation
3652,validation
3656,validation
3658,validation
3660,validation
3662,development
3663,development
3666,development
3668,validation
3669,validation
3672,validation
3677,development
3678,validation
3682,validation
3686,development
3687,validation
3689,validation
3694,validation
3697,validation
3699,validation
3700,validation
3702,validation
3703,validation
3704,development
3706,validation
3710,validation
3711,validation
3713,validation
3719,development
3722,validation
3723,validation
3724,validation
3725,validation
3728,validation
3732,development
3736,validation
3737,validation
3739,validation
3744,validation
3749,validation
3750,validation
3752,validation
3753,validation
3758,development
3761,validation
3763,development
3764,validation
3768,development
3774,validation
3775,development
3777,development
3782,validation
3783,development
3785,validation
3789,development
3791,development
3793,development
3794,development
3798,development
3800,validation
3805,development
3813,validation
3814,validation
3818,development
3822,validation
3823,validation
3824,development
3828,validation
3831,development
3832,validation
3835,validation
3836,validation
3840,development
3842,validation
3843,validation
3844,validation
3845,validation
3846,validation
3848,validation
3849,development
3850,validation
3854,development
3857,validation
3863,validation
3864,validation
3870,development
3878,validation
3879,development
3886,validation
3887,validation
3888,development
3889,development
3890,validation
3891,validation
3893,validation
3895,validation
3898,validation
3902,development
3904,development
3906,development
3912,development
3913,validation
3919,development
3929,validation
3930,validation
3931,development
3934,validation
3936,development
3937,development
3944,validation
3949,validation
3950,development
3955,validation
3963,validation
3967,development
3968,development
3972,validation
3973,validation
3974,validation
3975,development
3981,development
3987,validation
3991,development
3993,validation
3994,development
3995,validation
3998,validation
3999,development
4000,validation
4005,validation
4007,development
4009,development
4010,development
4011,development
4012,validation
4013,validation
4022,development
4024,validation
4026,validation
4027,validation
4028,validation
4033,validation
4034,development
4035,development
4036,development
4040,validation
4042,validation
4043,validation
4045,validation
4046,validation
4050,validation
4052,validation
4054,development
4060,development
4066,development
4067,validation
4070,development
4072,development
4074,development
4076,development
4091,validation
4093,validation
4098,validation
4106,validation
4111,development
4112,validation
4114,validation
4115,development
4116,validation
4133,development
4135,development
4137,validation
4140,validation
4144,development
4150,validation
4155,development
4162,validation
4166,validation
4167,validation
4168,validation
4172,development
4179,development
4186,development
4187,validation
4189,development
4191,validation
4195,development
4203,validation
4206,validation
4207,validation
4208,validation
4211,validation
4213,validation
4214,validation
4216,validation
4219,development
4225,validation
4233,development
4236,validation
4238,validation
4242,development
4247,validation
4249,development
4251,validation
4252,validation
4254,validation
4255,development
4256,validation
4258,development
4259,development
4264,development
4265,validation
4269,validation
4272,development
4278,validation
4279,development
4280,validation
4282,validation
4283,development
4284,development
4286,development
4289,development
4293,validation
4302,development
4304,development
4305,development
4307,validation
4308,development
4309,development
4310,development
4311,development
4314,validation
4320,development
4322,development
4325,development
4326,development
4327,development
4328,validation
4333,validation
4335,development
4341,development
4345,validation
4347,validation
4354,validation
4356,validation
4362,development
4368,validation
4371,validation
4375,validation
4382,validation
4383,validation
4389,development
4392,development
4398,validation
4401,validation
4402,development
4405,development
4408,validation
4417,development
4424,validation
4425,validation
4429,development
4430,validation
4432,validation
4433,development
4437,validation
4439,development
4443,development
4449,validation
4451,validation
4456,development
4458,development
4461,validation
4462,development
4463,validation
4466,validation
4470,development
4474,development
4475,validation
4476,validation
4478,validation
4480,development
4481,validation
4483,development
4488,development
4489,development
4496,development
4498,validation
4504,validation
4509,development
4510,development
4515,validation
4519,validation
4520,development
4522,validation
4525,validation
4536,development
4538,validation
4540,validation
4547,validation
4549,development
4559,development
4564,development
4568,development
4572,development
4573,validation
4574,validation
4576,development
4578,validation
4581,development
4591,validation
4596,validation
4599,development
4600,development
4602,development
4603,validation
4604,development
4605,development
4609,validation
4612,validation
4617,validation
4619,validation
4621,development
4626,development
4627,validation
4632,development
4635,validation
4637,development
4644,validation
4646,development
4650,development
4652,development
4653,validation
4655,validation
4656,development
4657,development
4658,development
4665,development
4666,development
4670,validation
4673,validation
4683,development
4684,development
4686,development
4700,validation
4706,validation
4711,validation
4715,development
4718,development
4721,development
4724,development
4729,development
4731,development
4732,development
4743,development
4744,development
4745,development
4746,development
4750,development
4752,development
4759,validation
4761,development
4764,validation
4773,development
4775,development
4777,validation
4778,validation
4779,development
4780,validation
4781,development
4783,development
4785,validation
4790,development
4792,development
4798,development
4800,validation
4801,validation
4802,development
4806,development
4808,development
4809,development
4813,validation
4816,validation
4817,validation
4818,development
4820,development
4823,development
4825,development
4826,validation
4828,validation
4835,validation
4839,validation
4841,development
4843,development
4844,validation
4851,development
4853,development
4857,development
4858,validation
4861,validation
4864,validation
4865,development
4869,validation
4874,validation
4880,validation
4882,development
4887,development
4893,development
4894,validation
4897,development
4902,validation
4903,validation
4907,validation
4911,validation
4912,development
4914,development
4916,development
4925,development
4929,development
4932,validation
4933,validation
4934,validation
4939,validation
4941,validation
4942,validation
4943,development
4946,validation
4947,development
4951,development
4957,validation
4958,validation
4959,development
4960,validation
4964,validation
4966,development
4975,development
4977,development
4987,development
4989,development
4995,validation
4997,development
4999,development
5004,validation
5005,development
5006,validation
5010,validation
5015,validation
5018,validation
5019,development
5021,validation
5024,validation
5027,development
5033,validation
5035,validation
5036,validation
5040,development
5043,development
5044,validation
5045,validation
5046,validation
5052,validation
5059,development
5060,development
5068,development
5072,validation
5080,validation
5084,development
5089,validation
5090,validation
5091,validation
5092,validation
5099,validation
5100,development
5106,development
5108,validation
5109,development
5110,development
5117,development
5118,development
5119,validation
5126,validation
5131,validation
5135,development
5137,validation
5139,validation
5140,development
5142,validation
5149,development
5151,development
5152,validation
5153,development
5157,validation
5162,validation
5166,development
5173,validation
5175,development
5178,validation
5179,development
5182,development
5184,validation
5187,development
5193,validation
5198,development
5201,validation
5203,development
5214,development
5217,development
5221,validation
5222,validation
5226,validation
5229,validation
5230,development
5232,development
5235,validation
5237,development
5242,validation
5245,validation
5246,development
5247,development
5251,development
5254,validation
5255,development
5259,development
5264,development
5269,validation
5270,development
5271,validation
5278,development
5284,development
5288,validation
5295,validation
5296,development
5297,validation
5299,validation
5303,validation
5304,development
5305,validation
5308,development
5309,validation
5310,validation
5314,validation
5317,validation
5319,validation
5321,validation
5324,development
5332,development
5339,validation
5342,development
5346,development
5347,development
5349,validation
5353,validation
5360,validation
5362,development
5367,validation
5371,validation
5372,validation
5379,validation
5383,development
5387,development
5394,development
5395,development
5396,development
5402,development
5403,development
5420,development
5423,validation
5425,development
5427,validation
5428,validation
5439,development
5442,development
5443,development
5446,development
5451,development
5453,validation
5454,development
5456,development
5458,validation
5463,development
5467,development
5474,validation
5480,validation
5486,validation
5492,validation
5497,validation
5500,validation
5505,validation
5507,validation
5508,validation
5509,validation
5513,validation
5515,validation
5516,development
5519,development
5520,development
5524,development
5526,development
5531,development
5533,validation
5537,development
5538,validation
5544,validation
5546,validation
5552,validation
5556,validation
5561,development
5564,validation
5566,development
5568,validation
5574,validation
5578,development
5582,validation
5583,development
5585,development
5593,validation
5595,validation
5597,validation
5598,development
5600,development
5601,validation
5602,validation
5607,development
5612,validation
5613,validation
5614,validation
5618,validation
5620,validation
5621,development
5626,development
5627,validation
5630,development
5633,development
5634,development
5637,development
5638,validation
5641,development
5642,development
5646,development
5650,development
5654,development
5655,development
5658,development
5665,validation
5669,validation
5670,validation
5671,development
5673,validation
5675,development
5677,development
5678,validation
5682,validation
5684,validation
5687,validation
5690,development
5693,development
5694,validation
5696,validation
5698,development
5703,development
5715,validation
5719,development
5724,development
5725,development
5729,development
5733,development
5734,validation
5746,development
5749,development
5750,development
5751,development
5753,development
5755,development
5759,development
5760,validation
5769,validation
5771,validation
5777,development
5782,validation
5783,development
5788,validation
5795,development
5806,validation
5809,development
5816,validation
5819,development
5826,validation
5834,validation
5837,development
5839,development
5840,validation
5842,development
5843,development
5844,development
5849,development
5859,validation
5860,development
5864,development
5865,development
5866,validation
5869,development
5870,validation
5871,development
5872,development
5873,validation
5875,validation
5884,development
5894,validation
5895,validation
5902,development
5904,validation
5907,validation
5911,validation
5914,validation
5917,validation
5918,development
5936,development
5937,validation
5943,development
5944,validation
5946,development
5950,validation
5954,validation
5956,validation
5964,development
5967,validation
5973,development
5975,development
5976,development
5977,development
5981,validation
5982,validation
5983,validation
5989,validation
5993,validation
5994,validation
5997,validation
6000,validation
6003,development
6007,validation
6009,development
6010,validation
6016,validation
6017,validation
6020,development
6028,development
6029,validation
6031,development
6032,validation
6037,development
6039,validation
6042,validation
6043,validation
6045,development
6047,validation
6049,validation
6053,validation
6056,validation
6058,validation
6059,development
6061,development
6063,validation
6065,validation
6066,validation
6067,development
6072,validation
6074,validation
6076,development
6077,development
6082,development
6083,development
6085,development
6086,validation
6089,validation
6101,validation
6102,validation
6103,validation
6104,validation
6114,validation
6119,validation
6121,validation
6126,validation
6127,validation
6129,validation
6133,development
6134,development
6140,validation
6141,development
6143,development
6144,development
6147,validation
6152,validation
6156,development
6159,validation
6163,validation
6166,validation
6167,development
6169,development
6171,development
6176,validation
6178,development
6179,development
6182,development
6184,validation
6185,development
6186,development
6191,development
6194,validation
6196,validation
6198,validation
6210,development
6214,validation
6217,development
6218,validation
6219,development
6220,validation
6224,validation
6227,validation
6228,development
6230,validation
6233,validation
6240,validation
6241,development
6247,validation
6248,development
6254,validation
6255,development
6257,validation
6259,validation
6262,validation
6264,validation
6266,validation
6269,development
6270,development
6273,development
6275,validation
6277,development
6279,development
6280,development
6282,validation
6284,validation
6286,development
6289,development
6290,development
6292,development
6293,development
6296,development
6297,development
6305,validation
6312,development
6314,development
6316,development
6317,validation
6330,validation
6332,development
6339,development
6343,development
6345,validation
6346,development
6351,validation
6355,validation
6357,validation
6359,validation
6360,development
6361,development
6362,development
6363,development
6368,validation
6372,validation
6375,development
6378,validation
6381,validation
6383,development
6385,validation
6386,validation
6387,development
6388,development
